TableId,FieldName,FieldAlias,DataType,Length,UK,FK,NN,RefTable,RefColumn
tn_alpt,objectid,시스템고유아이디,integer,,,,Y,,
tn_alpt,ncid,변동정보관리아이디,text,20,,,,,
tn_alpt,nf_id,국가기본도고유식별자아이디,text,17,Y,,,,
tn_alpt,alpt_se,표고점구분,text,6,,,Y,,
tn_alpt,exprs_angl,표현각도,real,"5,2",,,Y,,
tn_alpt,alpt_hgt,표고점높이,real,"7,2",,,Y,,
tn_alpt,rdscl_se,축척구분,text,6,,,Y,,
tn_alpt,mdsvymt_se,수정측량방법구분,text,1,,,Y,,
tn_alpt,objfltn_se,객체변동구분,text,6,,,Y,,
tn_alpt,fbcbzet_nm,제작업체명,text,100,,,Y,,
tn_alpt,globalid,시스템운영용고유객체관리번호,text,38,,,Y,,
tn_alpt,created_user,생성자계정명,text,255,,,,,
tn_alpt,created_date,최초생성일,date,,,,,,
tn_alpt,last_edited_user,마지막편집계정명,text,255,,,,,
tn_alpt,last_edited_date,마지막편집일,date,,,,,,
tn_arafc,objectid,시스템고유아이디,integer,,,,Y,,
tn_arafc,ncid,변동정보관리아이디,text,20,,,,,
tn_arafc,nf_id,국가기본도고유식별자아이디,text,17,Y,,,,
tn_arafc,pg_apfc_se,면형공항시설구분,text,6,,,Y,,
tn_arafc,feat_nm,지형지물명칭,text,200,,,,,
tn_arafc,rdscl_se,축척구분,text,6,,,Y,,
tn_arafc,mdsvymt_se,수정측량방법구분,text,1,,,Y,,
tn_arafc,objfltn_se,객체변동구분,text,6,,,Y,,
tn_arafc,fbcbzet_nm,제작업체명,text,100,,,Y,,
tn_arafc,globalid,시스템운영용고유객체관리번호,text,38,,,Y,,
tn_arafc,created_user,생성자계정명,text,255,,,,,
tn_arafc,created_date,최초생성일,date,,,,,,
tn_arafc,last_edited_user,마지막편집계정명,text,255,,,,,
tn_arafc,last_edited_date,마지막편집일,date,,,,,,
tn_arhfc,objectid,시스템고유아이디,integer,,,,Y,,
tn_arhfc,ncid,변동정보관리아이디,text,20,,,,,
tn_arhfc,nf_id,국가기본도고유식별자아이디,text,17,Y,,,,
tn_arhfc,pg_ptfc_se,면형항만시설구분,text,6,,,Y,,
tn_arhfc,feat_nm,지형지물명칭,text,200,,,,,
tn_arhfc,rdscl_se,축척구분,text,6,,,Y,,
tn_arhfc,mdsvymt_se,수정측량방법구분,text,1,,,Y,,
tn_arhfc,objfltn_se,객체변동구분,text,6,,,Y,,
tn_arhfc,fbcbzet_nm,제작업체명,text,100,,,Y,,
tn_arhfc,globalid,시스템운영용고유객체관리번호,text,38,,,Y,,
tn_arhfc,created_user,생성자계정명,text,255,,,,,
tn_arhfc,created_date,최초생성일,date,,,,,,
tn_arhfc,last_edited_user,마지막편집계정명,text,255,,,,,
tn_arhfc,last_edited_date,마지막편집일,date,,,,,,
tn_arpgr,objectid,시스템고유아이디,integer,,,,Y,,
tn_arpgr,ncid,변동정보관리아이디,text,20,,,,,
tn_arpgr,nf_id,국가기본도고유식별자아이디,text,17,Y,,,,
tn_arpgr,pg_tpf_se,면형지형구분,text,6,,,Y,,
tn_arpgr,feat_nm,지형지물명칭,text,200,,,,,
tn_arpgr,rdscl_se,축척구분,text,6,,,Y,,
tn_arpgr,mdsvymt_se,수정측량방법구분,text,1,,,Y,,
tn_arpgr,objfltn_se,객체변동구분,text,6,,,Y,,
tn_arpgr,fbcbzet_nm,제작업체명,text,100,,,Y,,
tn_arpgr,globalid,시스템운영용고유객체관리번호,text,38,,,Y,,
tn_arpgr,created_user,생성자계정명,text,255,,,,,
tn_arpgr,created_date,최초생성일,date,,,,,,
tn_arpgr,last_edited_user,마지막편집계정명,text,255,,,,,
tn_arpgr,last_edited_date,마지막편집일,date,,,,,,
tn_arrfc,objectid,시스템고유아이디,integer,,,,Y,,
tn_arrfc,ncid,변동정보관리아이디,text,20,,,,,
tn_arrfc,nf_id,국가기본도고유식별자아이디,text,17,Y,,,,
tn_arrfc,pg_rdfc_se,면형도로시설구분,text,6,,,Y,,
tn_arrfc,feat_nm,지형지물명칭,text,200,,,,,
tn_arrfc,pgrfcph_se,면형도로시설위상관계구분,text,6,,,Y,,
tn_arrfc,pgrfcmt_se,면형도로시설재질구분,text,6,,,Y,,
tn_arrfc,fclty_len,시설물길이,real,"7,2",,,,,
tn_arrfc,fclty_bt,시설물폭,real,"7,2",,,,,
tn_arrfc,fclty_hgt,시설물높이,real,"5,2",,,,,
tn_arrfc,fclty_cpct,시설물수용량,integer,,,,,,
tn_arrfc,instl_ymd,설치일자,text,8,,,,,
tn_arrfc,ftp_se,보도구분,text,6,,,Y,,
tn_arrfc,rvr_nm,하천명칭,text,200,,,,,
tn_arrfc,prm_wght,허용중량,real,"7,2",,,,,
tn_arrfc,rdscl_se,축척구분,text,6,,,Y,,
tn_arrfc,mdsvymt_se,수정측량방법구분,text,1,,,Y,,
tn_arrfc,objfltn_se,객체변동구분,text,6,,,Y,,
tn_arrfc,fbcbzet_nm,제작업체명,text,100,,,Y,,
tn_arrfc,globalid,시스템운영용고유객체관리번호,text,38,,,Y,,
tn_arrfc,created_user,생성자계정명,text,255,,,,,
tn_arrfc,created_date,최초생성일,date,,,,,,
tn_arrfc,last_edited_user,마지막편집계정명,text,255,,,,,
tn_arrfc,last_edited_date,마지막편집일,date,,,,,,
tn_arsfc,objectid,시스템고유아이디,integer,,,,Y,,
tn_arsfc,ncid,변동정보관리아이디,text,20,,,,,
tn_arsfc,nf_id,국가기본도고유식별자아이디,text,17,Y,,,,
tn_arsfc,pg_stfc_se,면형구조시설구분,text,6,,,Y,,
tn_arsfc,feat_nm,지형지물명칭,text,200,,,,,
tn_arsfc,fclty_len,시설물길이,real,"7,2",,,,,
tn_arsfc,fclty_bt,시설물폭,real,"7,2",,,,,
tn_arsfc,fclty_hgt,시설물높이,real,"5,2",,,,,
tn_arsfc,fclty_area,시설물면적,real,"9,2",,,,,
tn_arsfc,usg,용도,text,50,,,,,
tn_arsfc,mnginst_cd,관리기관코드,text,6,,,Y,,
tn_arsfc,rdscl_se,축척구분,text,6,,,Y,,
tn_arsfc,mdsvymt_se,수정측량방법구분,text,1,,,Y,,
tn_arsfc,objfltn_se,객체변동구분,text,6,,,Y,,
tn_arsfc,fbcbzet_nm,제작업체명,text,100,,,Y,,
tn_arsfc,globalid,시스템운영용고유객체관리번호,text,38,,,Y,,
tn_arsfc,created_user,생성자계정명,text,255,,,,,
tn_arsfc,created_date,최초생성일,date,,,,,,
tn_arsfc,last_edited_user,마지막편집계정명,text,255,,,,,
tn_arsfc,last_edited_date,마지막편집일,date,,,,,,
tn_arwfc,objectid,시스템고유아이디,integer,,,,Y,,
tn_arwfc,ncid,변동정보관리아이디,text,20,,,,,
tn_arwfc,nf_id,국가기본도고유식별자아이디,text,17,Y,,,,
tn_arwfc,pg_rlfc_se,면형철도시설구분,text,6,,,Y,,
tn_arwfc,feat_nm,지형지물명칭,text,200,,,,,
tn_arwfc,rdscl_se,축척구분,text,6,,,Y,,
tn_arwfc,mdsvymt_se,수정측량방법구분,text,1,,,Y,,
tn_arwfc,objfltn_se,객체변동구분,text,6,,,Y,,
tn_arwfc,fbcbzet_nm,제작업체명,text,100,,,Y,,
tn_arwfc,globalid,시스템운영용고유객체관리번호,text,38,,,Y,,
tn_arwfc,created_user,생성자계정명,text,255,,,,,
tn_arwfc,created_date,최초생성일,date,,,,,,
tn_arwfc,last_edited_user,마지막편집계정명,text,255,,,,,
tn_arwfc,last_edited_date,마지막편집일,date,,,,,,
tn_arwtcors_fclty,objectid,시스템고유아이디,integer,,,,Y,,
tn_arwtcors_fclty,ncid,변동정보관리아이디,text,20,,,,,
tn_arwtcors_fclty,nf_id,국가기본도고유식별자아이디,text,17,Y,,,,
tn_arwtcors_fclty,pg_wtfc_se,면형수로시설구분,text,6,,,Y,,
tn_arwtcors_fclty,feat_nm,지형지물명칭,text,200,,,,,
tn_arwtcors_fclty,dam_usg_se,댐용도구분,text,6,,,Y,,
tn_arwtcors_fclty,fclty_bt,시설물폭,real,"7,2",,,,,
tn_arwtcors_fclty,fclty_hgt,시설물높이,real,"5,2",,,,,
tn_arwtcors_fclty,fclty_area,시설물면적,real,"9,2",,,,,
tn_arwtcors_fclty,mnginst_cd,관리기관코드,text,6,,,Y,,
tn_arwtcors_fclty,rdscl_se,축척구분,text,6,,,Y,,
tn_arwtcors_fclty,mdsvymt_se,수정측량방법구분,text,1,,,Y,,
tn_arwtcors_fclty,objfltn_se,객체변동구분,text,6,,,Y,,
tn_arwtcors_fclty,fbcbzet_nm,제작업체명,text,100,,,Y,,
tn_arwtcors_fclty,globalid,시스템운영용고유객체관리번호,text,38,,,Y,,
tn_arwtcors_fclty,created_user,생성자계정명,text,255,,,,,
tn_arwtcors_fclty,created_date,최초생성일,date,,,,,,
tn_arwtcors_fclty,last_edited_user,마지막편집계정명,text,255,,,,,
tn_arwtcors_fclty,last_edited_date,마지막편집일,date,,,,,,
tn_bcycl_ctln,objectid,시스템고유아이디,integer,,,,Y,,
tn_bcycl_ctln,ncid,변동정보관리아이디,text,20,,,,,
tn_bcycl_ctln,nf_id,국가기본도고유식별자아이디,text,17,Y,,,,
tn_bcycl_ctln,bcrd_cl_se,자전거도로중심선구분,text,6,,,Y,,
tn_bcycl_ctln,feat_nm,지형지물명칭,text,200,,,,,
tn_bcycl_ctln,pvm_mtr_se,포장재질구분,text,6,,,Y,,
tn_bcycl_ctln,mdsvymt_se,수정측량방법구분,text,1,,,Y,,
tn_bcycl_ctln,objfltn_se,객체변동구분,text,6,,,Y,,
tn_bcycl_ctln,fbcbzet_nm,제작업체명,text,100,,,Y,,
tn_bcycl_ctln,globalid,시스템운영용고유객체관리번호,text,38,,,Y,,
tn_bcycl_ctln,created_user,생성자계정명,text,255,,,,,
tn_bcycl_ctln,created_date,최초생성일,date,,,,,,
tn_bcycl_ctln,last_edited_user,마지막편집계정명,text,255,,,,,
tn_bcycl_ctln,last_edited_date,마지막편집일,date,,,,,,
tn_buld,objectid,시스템고유아이디,integer,,,,Y,,
tn_buld,ncid,변동정보관리아이디,text,20,,,,,
tn_buld,nf_id,국가기본도고유식별자아이디,text,17,Y,,,,
tn_buld,rfrnc_nfid,참조NFID,text,17,,Y,,tn_fclty_zone_bndry,nf_id
tn_buld,molit_ufid,국토교통부UFID,text,17,Y,,,,
tn_buld,bdgusg_se,건물용도구분,text,6,,,Y,,
tn_buld,bdgsymb_se,건물기호구분,text,6,,,Y,,
tn_buld,feat_nm,지형지물명칭,text,200,,,,,
tn_buld,batc_nm,건물부명칭,text,200,,,,,
tn_buld,bldg_se,건물구분,text,6,,,Y,,
tn_buld,mnbldg_se,주건물구분,text,6,,,Y,,
tn_buld,bldg_nofl,건물층수,integer,,,,Y,,
tn_buld,pnu,PNU,text,19,,,Y,,
tn_buld,bd_mgt_sn,도로명주소건물관리번호,text,25,,,,,
tn_buld,bldrgst_pk,건축물대장일련번호,text,33,,,,,
tn_buld,usecon_day,사용승인일,text,8,,,,,
tn_buld,sig_cd,시군구코드,text,5,,,,,
tn_buld,road_nm_cd,도로명코드,text,7,,,,,
tn_buld,road_nm,도로명,text,80,,,,,
tn_buld,bno_mno,건물번호본번,integer,,,,,,
tn_buld,bno_sno,건물번호부번,integer,,,,,,
tn_buld,bldlwt_hgt,건물최저높이,real,"7,2",,,,,
tn_buld,bldhgt_hgt,건물최고높이,real,"7,2",,,,,
tn_buld,bldbsc_hgt,건물기본높이,real,"7,2",,,,,
tn_buld,blfcht_hgt,건물시설물최고높이,real,"7,2",,,,,
tn_buld,rdscl_se,축척구분,text,6,,,Y,,
tn_buld,mdsvymt_se,수정측량방법구분,text,1,,,Y,,
tn_buld,objfltn_se,객체변동구분,text,6,,,Y,,
tn_buld,fbcbzet_nm,제작업체명,text,100,,,Y,,
tn_buld,globalid,시스템운영용고유객체관리번호,text,38,,,Y,,
tn_buld,created_user,생성자계정명,text,255,,,,,
tn_buld,created_date,최초생성일,date,,,,,,
tn_buld,last_edited_user,마지막편집계정명,text,255,,,,,
tn_buld,last_edited_date,마지막편집일,date,,,,,,
tn_buld_adcls,objectid,시스템고유아이디,integer,,,,Y,,
tn_buld_adcls,ncid,변동정보관리아이디,text,20,,,,,
tn_buld_adcls,nf_id,국가기본도고유식별자아이디,text,17,Y,,,,
tn_buld_adcls,bldg_af_se,건물부속시설구분,text,6,,,Y,,
tn_buld_adcls,feat_nm,지형지물명칭,text,200,,,,,
tn_buld_adcls,mtr_se,재질구분,text,6,,,Y,,
tn_buld_adcls,rdscl_se,축척구분,text,6,,,Y,,
tn_buld_adcls,mdsvymt_se,수정측량방법구분,text,1,,,Y,,
tn_buld_adcls,objfltn_se,객체변동구분,text,6,,,Y,,
tn_buld_adcls,fbcbzet_nm,제작업체명,text,100,,,Y,,
tn_buld_adcls,globalid,시스템운영용고유객체관리번호,text,38,,,Y,,
tn_buld_adcls,created_user,생성자계정명,text,255,,,,,
tn_buld_adcls,created_date,최초생성일,date,,,,,,
tn_buld_adcls,last_edited_user,마지막편집계정명,text,255,,,,,
tn_buld_adcls,last_edited_date,마지막편집일,date,,,,,,
tn_buld_adcls,mtr_se,재질구분,text,6,,,Y,,
tn_buld_ctpt,objectid,시스템고유아이디,integer,,,,Y,,
tn_buld_ctpt,ncid,변동정보관리아이디,text,20,,,,,
tn_buld_ctpt,nf_id,국가기본도고유식별자아이디,text,17,Y,,,,
tn_buld_ctpt,rfrnc_nfid,참조NFID,text,17,,Y,,tn_buld,nf_id
tn_buld_ctpt,feat_nm,지형지물명칭,text,200,,,,,
tn_buld_ctpt,mdsvymt_se,수정측량방법구분,text,1,,,Y,,
tn_buld_ctpt,objfltn_se,객체변동구분,text,6,,,Y,,
tn_buld_ctpt,fbcbzet_nm,제작업체명,text,100,,,Y,,
tn_buld_ctpt,globalid,시스템운영용고유객체관리번호,text,38,,,Y,,
tn_buld_ctpt,created_user,생성자계정명,text,255,,,,,
tn_buld_ctpt,created_date,최초생성일,date,,,,,,
tn_buld_ctpt,last_edited_user,마지막편집계정명,text,255,,,,,
tn_buld_ctpt,last_edited_date,마지막편집일,date,,,,,,
tn_ctrln,objectid,시스템고유아이디,integer,,,,Y,,
tn_ctrln,ncid,변동정보관리아이디,text,20,,,,,
tn_ctrln,nf_id,국가기본도고유식별자아이디,text,17,Y,,,,
tn_ctrln,ctrln_se,등고선구분,text,6,,,Y,,
tn_ctrln,ctrln_hgt,등고선높이,real,"7,2",,,Y,,
tn_ctrln,rdscl_se,축척구분,text,6,,,Y,,
tn_ctrln,mdsvymt_se,수정측량방법구분,text,1,,,Y,,
tn_ctrln,objfltn_se,객체변동구분,text,6,,,Y,,
tn_ctrln,fbcbzet_nm,제작업체명,text,100,,,Y,,
tn_ctrln,globalid,시스템운영용고유객체관리번호,text,38,,,Y,,
tn_ctrln,created_user,생성자계정명,text,255,,,,,
tn_ctrln,created_date,최초생성일,date,,,,,,
tn_ctrln,last_edited_user,마지막편집계정명,text,255,,,,,
tn_ctrln,last_edited_date,마지막편집일,date,,,,,,
tn_ctrlpnt,objectid,시스템고유아이디,integer,,,,Y,,
tn_ctrlpnt,ncid,변동정보관리아이디,text,20,,,,,
tn_ctrlpnt,nf_id,국가기본도고유식별자아이디,text,17,Y,,,,
tn_ctrlpnt,ctlpt_se,기준점구분,text,6,,,Y,,
tn_ctrlpnt,stdg_cd,법정동코드,text,10,,,Y,,
tn_ctrlpnt,feat_nm,지형지물명칭,text,200,,,,,
tn_ctrlpnt,alpt_hgt,표고점높이,real,"7,2",,,Y,,
tn_ctrlpnt,ctlpt_crdn,기준점좌표,text,40,,,,,
tn_ctrlpnt,mapsht_cd,도엽코드,text,10,,,Y,,
tn_ctrlpnt,ctlpt_grd,기준점등급,text,6,,,Y,,
tn_ctrlpnt,fbctn_mthd,제작방법,text,6,,,Y,,
tn_ctrlpnt,rdscl_se,축척구분,text,6,,,Y,,
tn_ctrlpnt,mdsvymt_se,수정측량방법구분,text,1,,,Y,,
tn_ctrlpnt,objfltn_se,객체변동구분,text,6,,,Y,,
tn_ctrlpnt,fbcbzet_nm,제작업체명,text,100,,,Y,,
tn_ctrlpnt,globalid,시스템운영용고유객체관리번호,text,38,,,Y,,
tn_ctrlpnt,created_user,생성자계정명,text,255,,,,,
tn_ctrlpnt,created_date,최초생성일,date,,,,,,
tn_ctrlpnt,last_edited_user,마지막편집계정명,text,255,,,,,
tn_ctrlpnt,last_edited_date,마지막편집일,date,,,,,,
tn_farm,objectid,시스템고유아이디,integer,,,,Y,,
tn_farm,ncid,변동정보관리아이디,text,20,,,,,
tn_farm,nf_id,국가기본도고유식별자아이디,text,17,Y,,,,
tn_farm,farm_se,목장구분,text,6,,,Y,,
tn_farm,feat_nm,지형지물명칭,text,200,,,,,
tn_farm,rdscl_se,축척구분,text,6,,,Y,,
tn_farm,mdsvymt_se,수정측량방법구분,text,1,,,Y,,
tn_farm,objfltn_se,객체변동구분,text,6,,,Y,,
tn_farm,fbcbzet_nm,제작업체명,text,100,,,Y,,
tn_farm,globalid,시스템운영용고유객체관리번호,text,38,,,Y,,
tn_farm,created_user,생성자계정명,text,255,,,,,
tn_farm,created_date,최초생성일,date,,,,,,
tn_farm,last_edited_user,마지막편집계정명,text,255,,,,,
tn_farm,last_edited_date,마지막편집일,date,,,,,,
tn_fclty_zone_bndry,objectid,시스템고유아이디,integer,,,,Y,,
tn_fclty_zone_bndry,ncid,변동정보관리아이디,text,20,,,,,
tn_fclty_zone_bndry,nf_id,국가기본도고유식별자아이디,text,17,Y,,,,
tn_fclty_zone_bndry,fclt_zb_se,시설구역경계구분,text,6,,,Y,,
tn_fclty_zone_bndry,feat_nm,지형지물명칭,text,200,,,,,
tn_fclty_zone_bndry,use_stts,사용상태,text,6,,,Y,,
tn_fclty_zone_bndry,sig_cd,시군구코드,text,5,,,,,
tn_fclty_zone_bndry,eqb_man_sn,건물군일련번호,integer,,,,,,
tn_fclty_zone_bndry,dstappn_no,지구지정번호,text,14,,,,,
tn_fclty_zone_bndry,mnginst_cd,관리기관코드,text,6,,,Y,,
tn_fclty_zone_bndry,rdscl_se,축척구분,text,6,,,Y,,
tn_fclty_zone_bndry,mdsvymt_se,수정측량방법구분,text,1,,,Y,,
tn_fclty_zone_bndry,objfltn_se,객체변동구분,text,6,,,Y,,
tn_fclty_zone_bndry,fbcbzet_nm,제작업체명,text,100,,,Y,,
tn_fclty_zone_bndry,globalid,시스템운영용고유객체관리번호,text,38,,,Y,,
tn_fclty_zone_bndry,created_user,생성자계정명,text,255,,,,,
tn_fclty_zone_bndry,created_date,최초생성일,date,,,,,,
tn_fclty_zone_bndry,last_edited_user,마지막편집계정명,text,255,,,,,
tn_fclty_zone_bndry,last_edited_date,마지막편집일,date,,,,,,
tn_fercs,objectid,시스템고유아이디,integer,,,,Y,,
tn_fercs,ncid,변동정보관리아이디,text,20,,,,,
tn_fercs,nf_id,국가기본도고유식별자아이디,text,17,Y,,,,
tn_fercs,feat_nm,지형지물명칭,text,200,,,,,
tn_fercs,mdsvymt_se,수정측량방법구분,text,1,,,Y,,
tn_fercs,objfltn_se,객체변동구분,text,6,,,Y,,
tn_fercs,fbcbzet_nm,제작업체명,text,100,,,Y,,
tn_fercs,globalid,시스템운영용고유객체관리번호,text,38,,,Y,,
tn_fercs,created_user,생성자계정명,text,255,,,,,
tn_fercs,created_date,최초생성일,date,,,,,,
tn_fercs,last_edited_user,마지막편집계정명,text,255,,,,,
tn_fercs,last_edited_date,마지막편집일,date,,,,,,
tn_ferdk,objectid,시스템고유아이디,integer,,,,Y,,
tn_ferdk,ncid,변동정보관리아이디,text,20,,,,,
tn_ferdk,nf_id,국가기본도고유식별자아이디,text,17,Y,,,,
tn_ferdk,fdk_se,나루구분,text,6,,,Y,,
tn_ferdk,feat_nm,지형지물명칭,text,200,,,,,
tn_ferdk,dest,도착지,text,50,,,,,
tn_ferdk,rdscl_se,축척구분,text,6,,,Y,,
tn_ferdk,mdsvymt_se,수정측량방법구분,text,1,,,Y,,
tn_ferdk,objfltn_se,객체변동구분,text,6,,,Y,,
tn_ferdk,fbcbzet_nm,제작업체명,text,100,,,Y,,
tn_ferdk,globalid,시스템운영용고유객체관리번호,text,38,,,Y,,
tn_ferdk,created_user,생성자계정명,text,255,,,,,
tn_ferdk,created_date,최초생성일,date,,,,,,
tn_ferdk,last_edited_user,마지막편집계정명,text,255,,,,,
tn_ferdk,last_edited_date,마지막편집일,date,,,,,,
tn_fmlnd_bndry,objectid,시스템고유아이디,integer,,,,Y,,
tn_fmlnd_bndry,ncid,변동정보관리아이디,text,20,,,,,
tn_fmlnd_bndry,nf_id,국가기본도고유식별자아이디,text,17,Y,,,,
tn_fmlnd_bndry,fmld_bn_se,경지경계구분,text,6,,,Y,,
tn_fmlnd_bndry,feat_nm,지형지물명칭,text,200,,,,,
tn_fmlnd_bndry,rdscl_se,축척구분,text,6,,,Y,,
tn_fmlnd_bndry,mdsvymt_se,수정측량방법구분,text,1,,,Y,,
tn_fmlnd_bndry,objfltn_se,객체변동구분,text,6,,,Y,,
tn_fmlnd_bndry,fbcbzet_nm,제작업체명,text,100,,,Y,,
tn_fmlnd_bndry,globalid,시스템운영용고유객체관리번호,text,38,,,Y,,
tn_fmlnd_bndry,created_user,생성자계정명,text,255,,,,,
tn_fmlnd_bndry,created_date,최초생성일,date,,,,,,
tn_fmlnd_bndry,last_edited_user,마지막편집계정명,text,255,,,,,
tn_fmlnd_bndry,last_edited_date,마지막편집일,date,,,,,,
tn_ftpth_bndry,objectid,시스템고유아이디,integer,,,,Y,,
tn_ftpth_bndry,ncid,변동정보관리아이디,text,20,,,,,
tn_ftpth_bndry,nf_id,국가기본도고유식별자아이디,text,17,Y,,,,
tn_ftpth_bndry,ftp_bng_se,보도경계면구분,text,6,,,Y,,
tn_ftpth_bndry,feat_nm,지형지물명칭,text,200,,,,,
tn_ftpth_bndry,ftp_bt,보도폭,real,"5,2",,,,,
tn_ftpth_bndry,pvm_mtr_se,포장재질구분,text,6,,,Y,,
tn_ftpth_bndry,rdscl_se,축척구분,text,6,,,Y,,
tn_ftpth_bndry,mdsvymt_se,수정측량방법구분,text,1,,,Y,,
tn_ftpth_bndry,objfltn_se,객체변동구분,text,6,,,Y,,
tn_ftpth_bndry,fbcbzet_nm,제작업체명,text,100,,,Y,,
tn_ftpth_bndry,globalid,시스템운영용고유객체관리번호,text,38,,,Y,,
tn_ftpth_bndry,created_user,생성자계정명,text,255,,,,,
tn_ftpth_bndry,created_date,최초생성일,date,,,,,,
tn_ftpth_bndry,last_edited_user,마지막편집계정명,text,255,,,,,
tn_ftpth_bndry,last_edited_date,마지막편집일,date,,,,,,
tn_ftpth_ctln,objectid,시스템고유아이디,integer,,,,Y,,
tn_ftpth_ctln,ncid,변동정보관리아이디,text,20,,,,,
tn_ftpth_ctln,nf_id,국가기본도고유식별자아이디,text,17,Y,,,,
tn_ftpth_ctln,ftp_cl_se,보도중심선구분,text,6,,,Y,,
tn_ftpth_ctln,feat_nm,지형지물명칭,text,200,,,,,
tn_ftpth_ctln,pvm_mtr_se,포장재질구분,text,6,,,Y,,
tn_ftpth_ctln,mdsvymt_se,수정측량방법구분,text,1,,,Y,,
tn_ftpth_ctln,objfltn_se,객체변동구분,text,6,,,Y,,
tn_ftpth_ctln,fbcbzet_nm,제작업체명,text,100,,,Y,,
tn_ftpth_ctln,globalid,시스템운영용고유객체관리번호,text,38,,,Y,,
tn_ftpth_ctln,created_user,생성자계정명,text,255,,,,,
tn_ftpth_ctln,created_date,최초생성일,date,,,,,,
tn_ftpth_ctln,last_edited_user,마지막편집계정명,text,255,,,,,
tn_ftpth_ctln,last_edited_date,마지막편집일,date,,,,,,
tn_isobath,objectid,시스템고유아이디,integer,,,,Y,,
tn_isobath,ncid,변동정보관리아이디,text,20,,,,,
tn_isobath,nf_id,국가기본도고유식별자아이디,text,17,Y,,,,
tn_isobath,isobath_dp,등심선깊이,real,"7,2",,,Y,,
tn_isobath,mdsvymt_se,수정측량방법구분,text,1,,,Y,,
tn_isobath,objfltn_se,객체변동구분,text,6,,,Y,,
tn_isobath,fbcbzet_nm,제작업체명,text,100,,,Y,,
tn_isobath,globalid,시스템운영용고유객체관리번호,text,38,,,Y,,
tn_isobath,created_user,생성자계정명,text,255,,,,,
tn_isobath,created_date,최초생성일,date,,,,,,
tn_isobath,last_edited_user,마지막편집계정명,text,255,,,,,
tn_isobath,last_edited_date,마지막편집일,date,,,,,,
tn_lkmh,objectid,시스템고유아이디,integer,,,,Y,,
tn_lkmh,ncid,변동정보관리아이디,text,20,,,,,
tn_lkmh,nf_id,국가기본도고유식별자아이디,text,17,Y,,,,
tn_lkmh,feat_nm,지형지물명칭,text,200,,,,,
tn_lkmh,fclty_area,시설물면적,real,"9,2",,,,,
tn_lkmh,usg,용도,text,50,,,,,
tn_lkmh,mnginst_cd,관리기관코드,text,6,,,Y,,
tn_lkmh,rdscl_se,축척구분,text,6,,,Y,,
tn_lkmh,mdsvymt_se,수정측량방법구분,text,1,,,Y,,
tn_lkmh,objfltn_se,객체변동구분,text,6,,,Y,,
tn_lkmh,fbcbzet_nm,제작업체명,text,100,,,Y,,
tn_lkmh,globalid,시스템운영용고유객체관리번호,text,38,,,Y,,
tn_lkmh,created_user,생성자계정명,text,255,,,,,
tn_lkmh,created_date,최초생성일,date,,,,,,
tn_lkmh,last_edited_user,마지막편집계정명,text,255,,,,,
tn_lkmh,last_edited_date,마지막편집일,date,,,,,,
tn_lnafc,objectid,시스템고유아이디,integer,,,,Y,,
tn_lnafc,ncid,변동정보관리아이디,text,20,,,,,
tn_lnafc,nf_id,국가기본도고유식별자아이디,text,17,Y,,,,
tn_lnafc,ln_apfc_se,선형공항시설구분,text,6,,,Y,,
tn_lnafc,feat_nm,지형지물명칭,text,200,,,,,
tn_lnafc,rdscl_se,축척구분,text,6,,,Y,,
tn_lnafc,mdsvymt_se,수정측량방법구분,text,1,,,Y,,
tn_lnafc,objfltn_se,객체변동구분,text,6,,,Y,,
tn_lnafc,fbcbzet_nm,제작업체명,text,100,,,Y,,
tn_lnafc,globalid,시스템운영용고유객체관리번호,text,38,,,Y,,
tn_lnafc,created_user,생성자계정명,text,255,,,,,
tn_lnafc,created_date,최초생성일,date,,,,,,
tn_lnafc,last_edited_user,마지막편집계정명,text,255,,,,,
tn_lnafc,last_edited_date,마지막편집일,date,,,,,,
tn_lnpgr,objectid,시스템고유아이디,integer,,,,Y,,
tn_lnpgr,ncid,변동정보관리아이디,text,20,,,,,
tn_lnpgr,nf_id,국가기본도고유식별자아이디,text,17,Y,,,,
tn_lnpgr,ln_tpf_se,선형지형구분,text,6,,,Y,,
tn_lnpgr,feat_nm,지형지물명칭,text,200,,,,,
tn_lnpgr,ln_tpf_len,선형지형길이,real,"7,2",,,,,
tn_lnpgr,ln_tpf_hgt,선형지형높이,real,"5,2",,,,,
tn_lnpgr,mtr_se,재질구분,text,6,,,Y,,
tn_lnpgr,rdscl_se,축척구분,text,6,,,Y,,
tn_lnpgr,mdsvymt_se,수정측량방법구분,text,1,,,Y,,
tn_lnpgr,objfltn_se,객체변동구분,text,6,,,Y,,
tn_lnpgr,fbcbzet_nm,제작업체명,text,100,,,Y,,
tn_lnpgr,globalid,시스템운영용고유객체관리번호,text,38,,,Y,,
tn_lnpgr,created_user,생성자계정명,text,255,,,,,
tn_lnpgr,created_date,최초생성일,date,,,,,,
tn_lnpgr,last_edited_user,마지막편집계정명,text,255,,,,,
tn_lnpgr,last_edited_date,마지막편집일,date,,,,,,
tn_lnrfc,objectid,시스템고유아이디,integer,,,,Y,,
tn_lnrfc,ncid,변동정보관리아이디,text,20,,,,,
tn_lnrfc,nf_id,국가기본도고유식별자아이디,text,17,Y,,,,
tn_lnrfc,ln_rdfc_se,선형도로시설구분,text,6,,,Y,,
tn_lnrfc,feat_nm,지형지물명칭,text,200,,,,,
tn_lnrfc,lnrfcst_se,선형도로시설구조구분,text,6,,,Y,,
tn_lnrfc,rdscl_se,축척구분,text,6,,,Y,,
tn_lnrfc,mdsvymt_se,수정측량방법구분,text,1,,,Y,,
tn_lnrfc,objfltn_se,객체변동구분,text,6,,,Y,,
tn_lnrfc,fbcbzet_nm,제작업체명,text,100,,,Y,,
tn_lnrfc,globalid,시스템운영용고유객체관리번호,text,38,,,Y,,
tn_lnrfc,created_user,생성자계정명,text,255,,,,,
tn_lnrfc,created_date,최초생성일,date,,,,,,
tn_lnrfc,last_edited_user,마지막편집계정명,text,255,,,,,
tn_lnrfc,last_edited_date,마지막편집일,date,,,,,,
tn_lnsfc,objectid,시스템고유아이디,integer,,,,Y,,
tn_lnsfc,ncid,변동정보관리아이디,text,20,,,,,
tn_lnsfc,nf_id,국가기본도고유식별자아이디,text,17,Y,,,,
tn_lnsfc,ln_stfc_se,선형구조시설구분,text,6,,,Y,,
tn_lnsfc,feat_nm,지형지물명칭,text,200,,,,,
tn_lnsfc,mtr_se,재질구분,text,6,,,Y,,
tn_lnsfc,mnginst_cd,관리기관코드,text,6,,,Y,,
tn_lnsfc,rdscl_se,축척구분,text,6,,,Y,,
tn_lnsfc,mdsvymt_se,수정측량방법구분,text,1,,,Y,,
tn_lnsfc,objfltn_se,객체변동구분,text,6,,,Y,,
tn_lnsfc,fbcbzet_nm,제작업체명,text,100,,,Y,,
tn_lnsfc,globalid,시스템운영용고유객체관리번호,text,38,,,Y,,
tn_lnsfc,created_user,생성자계정명,text,255,,,,,
tn_lnsfc,created_date,최초생성일,date,,,,,,
tn_lnsfc,last_edited_user,마지막편집계정명,text,255,,,,,
tn_lnsfc,last_edited_date,마지막편집일,date,,,,,,
tn_lnwtcors_fclty,objectid,시스템고유아이디,integer,,,,Y,,
tn_lnwtcors_fclty,ncid,변동정보관리아이디,text,20,,,,,
tn_lnwtcors_fclty,nf_id,국가기본도고유식별자아이디,text,17,Y,,,,
tn_lnwtcors_fclty,ln_wtfc_se,선형수로시설구분,text,6,,,Y,,
tn_lnwtcors_fclty,feat_nm,지형지물명칭,text,200,,,,,
tn_lnwtcors_fclty,mtr_se,재질구분,text,6,,,Y,,
tn_lnwtcors_fclty,fclty_len,시설물길이,real,"7,2",,,,,
tn_lnwtcors_fclty,fclty_bt,시설물폭,real,"7,2",,,,,
tn_lnwtcors_fclty,fclty_hgt,시설물높이,real,"5,2",,,,,
tn_lnwtcors_fclty,usg,용도,text,50,,,,,
tn_lnwtcors_fclty,mnginst_cd,관리기관코드,text,6,,,Y,,
tn_lnwtcors_fclty,rdscl_se,축척구분,text,6,,,Y,,
tn_lnwtcors_fclty,mdsvymt_se,수정측량방법구분,text,1,,,Y,,
tn_lnwtcors_fclty,objfltn_se,객체변동구분,text,6,,,Y,,
tn_lnwtcors_fclty,fbcbzet_nm,제작업체명,text,100,,,Y,,
tn_lnwtcors_fclty,globalid,시스템운영용고유객체관리번호,text,38,,,Y,,
tn_lnwtcors_fclty,created_user,생성자계정명,text,255,,,,,
tn_lnwtcors_fclty,created_date,최초생성일,date,,,,,,
tn_lnwtcors_fclty,last_edited_user,마지막편집계정명,text,255,,,,,
tn_lnwtcors_fclty,last_edited_date,마지막편집일,date,,,,,,
tn_mapindx_10k,objectid,시스템고유아이디,integer,,,,Y,,
tn_mapindx_5k,objectid,시스템고유아이디,integer,,,,Y,,
tn_mapindx_5k,mapsht_cd,도엽코드,text,10,Y,,Y,,
tn_mapindx_5k,mapsht_nm,도엽명,text,100,,,Y,,
tn_mapindx_5k,globalid,시스템운영용고유객체관리번호,text,38,,,Y,,
tn_mapindx_5k,created_user,생성자계정명,text,255,,,,,
tn_mapindx_5k,created_date,최초생성일,date,,,,,,
tn_mapindx_5k,last_edited_user,마지막편집계정명,text,255,,,,,
tn_mapindx_5k,last_edited_date,마지막편집일,date,,,,,,
tn_ptafc,objectid,시스템고유아이디,integer,,,,Y,,
tn_ptafc,ncid,변동정보관리아이디,text,20,,,,,
tn_ptafc,nf_id,국가기본도고유식별자아이디,text,17,Y,,,,
tn_ptafc,pt_apfc_se,점형공항시설구분,text,6,,,Y,,
tn_ptafc,feat_nm,지형지물명칭,text,200,,,,,
tn_ptafc,rdscl_se,축척구분,text,6,,,Y,,
tn_ptafc,mdsvymt_se,수정측량방법구분,text,1,,,Y,,
tn_ptafc,objfltn_se,객체변동구분,text,6,,,Y,,
tn_ptafc,fbcbzet_nm,제작업체명,text,100,,,Y,,
tn_ptafc,globalid,시스템운영용고유객체관리번호,text,38,,,Y,,
tn_ptafc,created_user,생성자계정명,text,255,,,,,
tn_ptafc,created_date,최초생성일,date,,,,,,
tn_ptafc,last_edited_user,마지막편집계정명,text,255,,,,,
tn_ptafc,last_edited_date,마지막편집일,date,,,,,,
tn_pthfc,objectid,시스템고유아이디,integer,,,,Y,,
tn_pthfc,ncid,변동정보관리아이디,text,20,,,,,
tn_pthfc,nf_id,국가기본도고유식별자아이디,text,17,Y,,,,
tn_pthfc,pt_ptfc_se,점형항만시설구분,text,6,,,Y,,
tn_pthfc,feat_nm,지형지물명칭,text,200,,,,,
tn_pthfc,mnginst_cd,관리기관코드,text,6,,,Y,,
tn_pthfc,rdscl_se,축척구분,text,6,,,Y,,
tn_pthfc,mdsvymt_se,수정측량방법구분,text,1,,,Y,,
tn_pthfc,objfltn_se,객체변동구분,text,6,,,Y,,
tn_pthfc,fbcbzet_nm,제작업체명,text,100,,,Y,,
tn_pthfc,globalid,시스템운영용고유객체관리번호,text,38,,,Y,,
tn_pthfc,created_user,생성자계정명,text,255,,,,,
tn_pthfc,created_date,최초생성일,date,,,,,,
tn_pthfc,last_edited_user,마지막편집계정명,text,255,,,,,
tn_pthfc,last_edited_date,마지막편집일,date,,,,,,
tn_ptpgr,objectid,시스템고유아이디,integer,,,,Y,,
tn_ptpgr,ncid,변동정보관리아이디,text,20,,,,,
tn_ptpgr,nf_id,국가기본도고유식별자아이디,text,17,Y,,,,
tn_ptpgr,pt_tpf_se,점형지형구분,text,6,,,Y,,
tn_ptpgr,feat_nm,지형지물명칭,text,200,,,,,
tn_ptpgr,pt_tpf_len,점형지형길이,real,"7,2",,,,,
tn_ptpgr,pt_tpf_hgt,점형지형높이,real,"5,2",,,,,
tn_ptpgr,rdscl_se,축척구분,text,6,,,Y,,
tn_ptpgr,mdsvymt_se,수정측량방법구분,text,1,,,Y,,
tn_ptpgr,objfltn_se,객체변동구분,text,6,,,Y,,
tn_ptpgr,fbcbzet_nm,제작업체명,text,100,,,Y,,
tn_ptpgr,globalid,시스템운영용고유객체관리번호,text,38,,,Y,,
tn_ptpgr,created_user,생성자계정명,text,255,,,,,
tn_ptpgr,created_date,최초생성일,date,,,,,,
tn_ptpgr,last_edited_user,마지막편집계정명,text,255,,,,,
tn_ptpgr,last_edited_date,마지막편집일,date,,,,,,
tn_ptrfc,objectid,시스템고유아이디,integer,,,,Y,,
tn_ptrfc,ncid,변동정보관리아이디,text,20,,,,,
tn_ptrfc,nf_id,국가기본도고유식별자아이디,text,17,Y,,,,
tn_ptrfc,pt_rdfc_se,점형도로시설구분,text,6,,,Y,,
tn_ptrfc,feat_nm,지형지물명칭,text,200,,,,,
tn_ptrfc,mnginst_cd,관리기관코드,text,6,,,Y,,
tn_ptrfc,rdscl_se,축척구분,text,6,,,Y,,
tn_ptrfc,mdsvymt_se,수정측량방법구분,text,1,,,Y,,
tn_ptrfc,objfltn_se,객체변동구분,text,6,,,Y,,
tn_ptrfc,fbcbzet_nm,제작업체명,text,100,,,Y,,
tn_ptrfc,globalid,시스템운영용고유객체관리번호,text,38,,,Y,,
tn_ptrfc,created_user,생성자계정명,text,255,,,,,
tn_ptrfc,created_date,최초생성일,date,,,,,,
tn_ptrfc,last_edited_user,마지막편집계정명,text,255,,,,,
tn_ptrfc,last_edited_date,마지막편집일,date,,,,,,
tn_ptsfc,objectid,시스템고유아이디,integer,,,,Y,,
tn_ptsfc,ncid,변동정보관리아이디,text,20,,,,,
tn_ptsfc,nf_id,국가기본도고유식별자아이디,text,17,Y,,,,
tn_ptsfc,pt_stfc_se,점형구조시설구분,text,6,,,Y,,
tn_ptsfc,feat_nm,지형지물명칭,text,200,,,,,
tn_ptsfc,fclty_hgt,시설물높이,real,"5,2",,,,,
tn_ptsfc,usg,용도,text,50,,,,,
tn_ptsfc,main_igrd,주요성분,text,50,,,,,
tn_ptsfc,main_prmr,주요생산광물,text,50,,,,,
tn_ptsfc,mtr_se,재질구분,text,6,,,Y,,
tn_ptsfc,rdscl_se,축척구분,text,6,,,Y,,
tn_ptsfc,mdsvymt_se,수정측량방법구분,text,1,,,Y,,
tn_ptsfc,objfltn_se,객체변동구분,text,6,,,Y,,
tn_ptsfc,fbcbzet_nm,제작업체명,text,100,,,Y,,
tn_ptsfc,globalid,시스템운영용고유객체관리번호,text,38,,,Y,,
tn_ptsfc,created_user,생성자계정명,text,255,,,,,
tn_ptsfc,created_date,최초생성일,date,,,,,,
tn_ptsfc,last_edited_user,마지막편집계정명,text,255,,,,,
tn_ptsfc,last_edited_date,마지막편집일,date,,,,,,
tn_ptvgt_fclty,objectid,시스템고유아이디,integer,,,,Y,,
tn_ptvgt_fclty,ncid,변동정보관리아이디,text,20,,,,,
tn_ptvgt_fclty,nf_id,국가기본도고유식별자아이디,text,17,Y,,,,
tn_ptvgt_fclty,pt_vgfc_se,점형식생시설구분,text,6,,,Y,,
tn_ptvgt_fclty,feat_nm,지형지물명칭,text,200,,,,,
tn_ptvgt_fclty,mng_no,관리번호,text,50,,,,,
tn_ptvgt_fclty,tr_se,나무구분,text,6,,,Y,,
tn_ptvgt_fclty,tr_dm,나무직경,real,"7,2",,,,,
tn_ptvgt_fclty,tr_hgt,나무높이,real,"5,2",,,,,
tn_ptvgt_fclty,tr_age,나무연령,integer,,,,,,
tn_ptvgt_fclty,tr_trspc,나무수종,text,50,,,,,
tn_ptvgt_fclty,etc,기타,text,50,,,,,
tn_ptvgt_fclty,rdscl_se,축척구분,text,6,,,Y,,
tn_ptvgt_fclty,mdsvymt_se,수정측량방법구분,text,1,,,Y,,
tn_ptvgt_fclty,objfltn_se,객체변동구분,text,6,,,Y,,
tn_ptvgt_fclty,fbcbzet_nm,제작업체명,text,100,,,Y,,
tn_ptvgt_fclty,globalid,시스템운영용고유객체관리번호,text,38,,,Y,,
tn_ptvgt_fclty,created_user,생성자계정명,text,255,,,,,
tn_ptvgt_fclty,created_date,최초생성일,date,,,,,,
tn_ptvgt_fclty,last_edited_user,마지막편집계정명,text,255,,,,,
tn_ptvgt_fclty,last_edited_date,마지막편집일,date,,,,,,
tn_ptwfc,objectid,시스템고유아이디,integer,,,,Y,,
tn_ptwfc,ncid,변동정보관리아이디,text,20,,,,,
tn_ptwfc,nf_id,국가기본도고유식별자아이디,text,17,Y,,,,
tn_ptwfc,pt_rlfc_se,점형철도시설구분,text,6,,,Y,,
tn_ptwfc,feat_nm,지형지물명칭,text,200,,,,,
tn_ptwfc,rlw_se,철도구분,text,6,,,Y,,
tn_ptwfc,mnginst_cd,관리기관코드,text,6,,,Y,,
tn_ptwfc,mdsvymt_se,수정측량방법구분,text,1,,,Y,,
tn_ptwfc,objfltn_se,객체변동구분,text,6,,,Y,,
tn_ptwfc,fbcbzet_nm,제작업체명,text,100,,,Y,,
tn_ptwfc,globalid,시스템운영용고유객체관리번호,text,38,,,Y,,
tn_ptwfc,created_user,생성자계정명,text,255,,,,,
tn_ptwfc,created_date,최초생성일,date,,,,,,
tn_ptwfc,last_edited_user,마지막편집계정명,text,255,,,,,
tn_ptwfc,last_edited_date,마지막편집일,date,,,,,,
tn_ptwtcors_fclty,objectid,시스템고유아이디,integer,,,,Y,,
tn_ptwtcors_fclty,ncid,변동정보관리아이디,text,20,,,,,
tn_ptwtcors_fclty,nf_id,국가기본도고유식별자아이디,text,17,Y,,,,
tn_ptwtcors_fclty,pt_wtfc_se,점형수로시설구분,text,6,,,Y,,
tn_ptwtcors_fclty,feat_nm,지형지물명칭,text,200,,,,,
tn_ptwtcors_fclty,exprs_angl,표현각도,real,"5,2",,,Y,,
tn_ptwtcors_fclty,rdscl_se,축척구분,text,6,,,Y,,
tn_ptwtcors_fclty,mdsvymt_se,수정측량방법구분,text,1,,,Y,,
tn_ptwtcors_fclty,objfltn_se,객체변동구분,text,6,,,Y,,
tn_ptwtcors_fclty,fbcbzet_nm,제작업체명,text,100,,,Y,,
tn_ptwtcors_fclty,globalid,시스템운영용고유객체관리번호,text,38,,,Y,,
tn_ptwtcors_fclty,created_user,생성자계정명,text,255,,,,,
tn_ptwtcors_fclty,created_date,최초생성일,date,,,,,,
tn_ptwtcors_fclty,last_edited_user,마지막편집계정명,text,255,,,,,
tn_ptwtcors_fclty,last_edited_date,마지막편집일,date,,,,,,
tn_rft_fclty,objectid,시스템고유아이디,integer,,,,Y,,
tn_rft_fclty,ncid,변동정보관리아이디,text,20,,,,,
tn_rft_fclty,nf_id,국가기본도고유식별자아이디,text,17,Y,,,,
tn_rft_fclty,bldlwt_hgt,건물최저높이,real,"7,2",,,,,
tn_rft_fclty,bldbsc_hgt,건물기본높이,real,"7,2",,,,,
tn_rft_fclty,rdscl_se,축척구분,text,6,,,Y,,
tn_rft_fclty,mdsvymt_se,수정측량방법구분,text,1,,,Y,,
tn_rft_fclty,objfltn_se,객체변동구분,text,6,,,Y,,
tn_rft_fclty,fbcbzet_nm,제작업체명,text,100,,,Y,,
tn_rft_fclty,globalid,시스템운영용고유객체관리번호,text,38,,,Y,,
tn_rft_fclty,created_user,생성자계정명,text,255,,,,,
tn_rft_fclty,created_date,최초생성일,date,,,,,,
tn_rft_fclty,last_edited_user,마지막편집계정명,text,255,,,,,
tn_rft_fclty,last_edited_date,마지막편집일,date,,,,,,
tn_river_bndry,objectid,시스템고유아이디,integer,,,,Y,,
tn_river_bndry,ncid,변동정보관리아이디,text,20,,,,,
tn_river_bndry,nf_id,국가기본도고유식별자아이디,text,17,Y,,,,
tn_river_bndry,rvr_se,하천구분,text,6,,,Y,,
tn_river_bndry,feat_nm,지형지물명칭,text,200,,,,,
tn_river_bndry,rdscl_se,축척구분,text,6,,,Y,,
tn_river_bndry,mdsvymt_se,수정측량방법구분,text,1,,,Y,,
tn_river_bndry,objfltn_se,객체변동구분,text,6,,,Y,,
tn_river_bndry,fbcbzet_nm,제작업체명,text,100,,,Y,,
tn_river_bndry,globalid,시스템운영용고유객체관리번호,text,38,,,Y,,
tn_river_bndry,created_user,생성자계정명,text,255,,,,,
tn_river_bndry,created_date,최초생성일,date,,,,,,
tn_river_bndry,last_edited_user,마지막편집계정명,text,255,,,,,
tn_river_bndry,last_edited_date,마지막편집일,date,,,,,,
tn_river_bt,objectid,시스템고유아이디,integer,,,,Y,,
tn_river_bt,ncid,변동정보관리아이디,text,20,,,,,
tn_river_bt,nf_id,국가기본도고유식별자아이디,text,17,Y,,,,
tn_river_bt,feat_nm,지형지물명칭,text,200,,,,,
tn_river_bt,rdscl_se,축척구분,text,6,,,Y,,
tn_river_bt,mdsvymt_se,수정측량방법구분,text,1,,,Y,,
tn_river_bt,objfltn_se,객체변동구분,text,6,,,Y,,
tn_river_bt,fbcbzet_nm,제작업체명,text,100,,,Y,,
tn_river_bt,globalid,시스템운영용고유객체관리번호,text,38,,,Y,,
tn_river_bt,created_user,생성자계정명,text,255,,,,,
tn_river_bt,created_date,최초생성일,date,,,,,,
tn_river_bt,last_edited_user,마지막편집계정명,text,255,,,,,
tn_river_bt,last_edited_date,마지막편집일,date,,,,,,
tn_river_ctln,objectid,시스템고유아이디,integer,,,,Y,,
tn_river_ctln,ncid,변동정보관리아이디,text,20,,,,,
tn_river_ctln,nf_id,국가기본도고유식별자아이디,text,17,Y,,,,
tn_river_ctln,rvr_se,하천구분,text,6,,,Y,,
tn_river_ctln,feat_nm,지형지물명칭,text,200,,,,,
tn_river_ctln,rvr_no,하천번호,text,9,,,,,
tn_river_ctln,rdscl_se,축척구분,text,6,,,Y,,
tn_river_ctln,mdsvymt_se,수정측량방법구분,text,1,,,Y,,
tn_river_ctln,objfltn_se,객체변동구분,text,6,,,Y,,
tn_river_ctln,fbcbzet_nm,제작업체명,text,100,,,Y,,
tn_river_ctln,globalid,시스템운영용고유객체관리번호,text,38,,,Y,,
tn_river_ctln,created_user,생성자계정명,text,255,,,,,
tn_river_ctln,created_date,최초생성일,date,,,,,,
tn_river_ctln,last_edited_user,마지막편집계정명,text,255,,,,,
tn_river_ctln,last_edited_date,마지막편집일,date,,,,,,
tn_river_rt,objectid,시스템고유아이디,integer,,,,Y,,
tn_river_rt,ncid,변동정보관리아이디,text,20,,,,,
tn_river_rt,nf_id,국가기본도고유식별자아이디,text,17,Y,,,,
tn_river_rt,rvr_se,하천구분,text,6,,,Y,,
tn_river_rt,feat_nm,지형지물명칭,text,200,,,,,
tn_river_rt,rvr_no,하천번호,text,9,,,,,
tn_river_rt,fclty_len,시설물길이,real,"7,2",,,,,
tn_river_rt,mdsvymt_se,수정측량방법구분,text,1,,,Y,,
tn_river_rt,objfltn_se,객체변동구분,text,6,,,Y,,
tn_river_rt,fbcbzet_nm,제작업체명,text,100,,,Y,,
tn_river_rt,globalid,시스템운영용고유객체관리번호,text,38,,,Y,,
tn_river_rt,created_user,생성자계정명,text,255,,,,,
tn_river_rt,created_date,최초생성일,date,,,,,,
tn_river_rt,last_edited_user,마지막편집계정명,text,255,,,,,
tn_river_rt,last_edited_date,마지막편집일,date,,,,,,
tn_rlroad_bndry,objectid,시스템고유아이디,integer,,,,Y,,
tn_rlroad_bndry,ncid,변동정보관리아이디,text,20,,,,,
tn_rlroad_bndry,nf_id,국가기본도고유식별자아이디,text,17,Y,,,,
tn_rlroad_bndry,feat_nm,지형지물명칭,text,200,,,,,
tn_rlroad_bndry,mdsvymt_se,수정측량방법구분,text,1,,,Y,,
tn_rlroad_bndry,objfltn_se,객체변동구분,text,6,,,Y,,
tn_rlroad_bndry,fbcbzet_nm,제작업체명,text,100,,,Y,,
tn_rlroad_bndry,globalid,시스템운영용고유객체관리번호,text,38,,,Y,,
tn_rlroad_bndry,created_user,생성자계정명,text,255,,,,,
tn_rlroad_bndry,created_date,최초생성일,date,,,,,,
tn_rlroad_bndry,last_edited_user,마지막편집계정명,text,255,,,,,
tn_rlroad_bndry,last_edited_date,마지막편집일,date,,,,,,
tn_rlroad_ctln,objectid,시스템고유아이디,integer,,,,Y,,
tn_rlroad_ctln,ncid,변동정보관리아이디,text,20,,,,,
tn_rlroad_ctln,nf_id,국가기본도고유식별자아이디,text,17,Y,,,,
tn_rlroad_ctln,rlw_se,철도구분,text,6,,,Y,,
tn_rlroad_ctln,rlw_usstts,철도사용상태,text,6,,,Y,,
tn_rlroad_ctln,feat_nm,지형지물명칭,text,200,,,,,
tn_rlroad_ctln,rlexprs_se,철도표현구분,text,6,,,Y,,
tn_rlroad_ctln,rlrwtyp_se,철도선로유형구분,text,6,,,Y,,
tn_rlroad_ctln,vrtc_ph_lv,수직위상수준,integer,,,,Y,,
tn_rlroad_ctln,tfcinfo_se,교통시설정보구분,text,6,,,Y,,
tn_rlroad_ctln,mnginst_cd,관리기관코드,text,6,,,Y,,
tn_rlroad_ctln,rdscl_se,축척구분,text,6,,,Y,,
tn_rlroad_ctln,mdsvymt_se,수정측량방법구분,text,1,,,Y,,
tn_rlroad_ctln,objfltn_se,객체변동구분,text,6,,,Y,,
tn_rlroad_ctln,fbcbzet_nm,제작업체명,text,100,,,Y,,
tn_rlroad_ctln,globalid,시스템운영용고유객체관리번호,text,38,,,Y,,
tn_rlroad_ctln,created_user,생성자계정명,text,255,,,,,
tn_rlroad_ctln,created_date,최초생성일,date,,,,,,
tn_rlroad_ctln,last_edited_user,마지막편집계정명,text,255,,,,,
tn_rlroad_ctln,last_edited_date,마지막편집일,date,,,,,,
tn_rodway_bndry,objectid,시스템고유아이디,integer,,,,Y,,
tn_rodway_bndry,ncid,변동정보관리아이디,text,20,,,,,
tn_rodway_bndry,nf_id,국가기본도고유식별자아이디,text,17,Y,,,,
tn_rodway_bndry,road_se,도로구분,text,6,,,Y,,
tn_rodway_bndry,feat_nm,지형지물명칭,text,200,,,,,
tn_rodway_bndry,use_stts,사용상태,text,6,,,Y,,
tn_rodway_bndry,vrtc_ph_lv,수직위상수준,integer,,,,Y,,
tn_rodway_bndry,tfcinfo_se,교통시설정보구분,text,6,,,Y,,
tn_rodway_bndry,rdscl_se,축척구분,text,6,,,Y,,
tn_rodway_bndry,mdsvymt_se,수정측량방법구분,text,1,,,Y,,
tn_rodway_bndry,objfltn_se,객체변동구분,text,6,,,Y,,
tn_rodway_bndry,fbcbzet_nm,제작업체명,text,100,,,Y,,
tn_rodway_bndry,globalid,시스템운영용고유객체관리번호,text,38,,,Y,,
tn_rodway_bndry,created_user,생성자계정명,text,255,,,,,
tn_rodway_bndry,created_date,최초생성일,date,,,,,,
tn_rodway_bndry,last_edited_user,마지막편집계정명,text,255,,,,,
tn_rodway_bndry,last_edited_date,마지막편집일,date,,,,,,
tn_rodway_bndryln,objectid,시스템고유아이디,integer,,,,Y,,
tn_rodway_bndryln,ncid,변동정보관리아이디,text,20,,,,,
tn_rodway_bndryln,nf_id,국가기본도고유식별자아이디,text,17,Y,,,,
tn_rodway_bndryln,road_se,도로구분,text,6,,,Y,,
tn_rodway_bndryln,feat_nm,지형지물명칭,text,200,,,,,
tn_rodway_bndryln,use_stts,사용상태,text,6,,,Y,,
tn_rodway_bndryln,tfcinfo_se,교통시설정보구분,text,6,,,Y,,
tn_rodway_bndryln,rdscl_se,축척구분,text,6,,,Y,,
tn_rodway_bndryln,mdsvymt_se,수정측량방법구분,text,1,,,Y,,
tn_rodway_bndryln,objfltn_se,객체변동구분,text,6,,,Y,,
tn_rodway_bndryln,fbcbzet_nm,제작업체명,text,100,,,Y,,
tn_rodway_bndryln,globalid,시스템운영용고유객체관리번호,text,38,,,Y,,
tn_rodway_bndryln,created_user,생성자계정명,text,255,,,,,
tn_rodway_bndryln,created_date,최초생성일,date,,,,,,
tn_rodway_bndryln,last_edited_user,마지막편집계정명,text,255,,,,,
tn_rodway_bndryln,last_edited_date,마지막편집일,date,,,,,,
tn_rodway_ctln,objectid,시스템고유아이디,integer,,,,Y,,
tn_rodway_ctln,ncid,변동정보관리아이디,text,20,,,,,
tn_rodway_ctln,nf_id,국가기본도고유식별자아이디,text,17,Y,,,,
tn_rodway_ctln,molit_ufid,국토교통부UFID,text,17,Y,,,,
tn_rodway_ctln,rfrnc_nfid,참조NFID,text,17,,Y,,tn_rodway_bndry,nf_id
tn_rodway_ctln,road_se,도로구분,text,6,,,Y,,
tn_rodway_ctln,feat_nm,지형지물명칭,text,200,,,,,
tn_rodway_ctln,road_no,도로번호,text,30,,,,,
tn_rodway_ctln,use_stts,사용상태,text,6,,,Y,,
tn_rodway_ctln,pvm_mtr_se,포장재질구분,text,6,,,Y,,
tn_rodway_ctln,mdbar_en,분리대유무,text,1,,,Y,,
tn_rodway_ctln,lane_cnt,차로수,integer,,,,Y,,
tn_rodway_ctln,road_bt,도로폭,real,"5,2",,,Y,,
tn_rodway_ctln,osps_se,일방통행구분,text,6,,,Y,,
tn_rodway_ctln,mtrwy_se,자동차전용도로구분,text,6,,,Y,,
tn_rodway_ctln,vrtc_ph_lv,수직위상수준,integer,,,,Y,,
tn_rodway_ctln,tfcinfo_se,교통시설정보구분,text,6,,,Y,,
tn_rodway_ctln,sig_cd,시군구코드,text,5,,,,,
tn_rodway_ctln,rds_man_no,도로구간일련번호,integer,,,,,,
tn_rodway_ctln,road_nm,도로명,text,80,,,,,
tn_rodway_ctln,stpnt,시점,text,100,,,,,
tn_rodway_ctln,edpnt,종점,text,100,,,,,
tn_rodway_ctln,rdscl_se,축척구분,text,6,,,Y,,
tn_rodway_ctln,mdsvymt_se,수정측량방법구분,text,1,,,Y,,
tn_rodway_ctln,objfltn_se,객체변동구분,text,6,,,Y,,
tn_rodway_ctln,fbcbzet_nm,제작업체명,text,100,,,Y,,
tn_rodway_ctln,globalid,시스템운영용고유객체관리번호,text,38,,,Y,,
tn_rodway_ctln,created_user,생성자계정명,text,255,,,,,
tn_rodway_ctln,created_date,최초생성일,date,,,,,,
tn_rodway_ctln,last_edited_user,마지막편집계정명,text,255,,,,,
tn_rodway_ctln,last_edited_date,마지막편집일,date,,,,,,
tn_shorline,objectid,시스템고유아이디,integer,,,,Y,,
tn_shorline,ncid,변동정보관리아이디,text,20,,,,,
tn_shorline,nf_id,국가기본도고유식별자아이디,text,17,Y,,,,
tn_shorline,shrln_se,해안선구분,text,6,,,Y,,
tn_shorline,feat_nm,지형지물명칭,text,200,,,,,
tn_shorline,shrln_src,해안선출처,text,6,,,Y,,
tn_shorline,shrln_shp,해안선형태,text,6,,,Y,,
tn_shorline,rdscl_se,축척구분,text,6,,,Y,,
tn_shorline,mdsvymt_se,수정측량방법구분,text,1,,,Y,,
tn_shorline,objfltn_se,객체변동구분,text,6,,,Y,,
tn_shorline,fbcbzet_nm,제작업체명,text,100,,,Y,,
tn_shorline,globalid,시스템운영용고유객체관리번호,text,38,,,Y,,
tn_shorline,created_user,생성자계정명,text,255,,,,,
tn_shorline,created_date,최초생성일,date,,,,,,
tn_shorline,last_edited_user,마지막편집계정명,text,255,,,,,
tn_shorline,last_edited_date,마지막편집일,date,,,,,,
tn_stdwsd_bndry,objectid,시스템고유아이디,integer,,,,Y,,
tn_stdwsd_bndry,ncid,변동정보관리아이디,text,20,,,,,
tn_stdwsd_bndry,nf_id,국가기본도고유식별자아이디,text,17,Y,,,,
tn_stdwsd_bndry,feat_nm,지형지물명칭,text,200,,,,,
tn_stdwsd_bndry,sbsn_cd,표준유역코드,text,6,,,,,
tn_stdwsd_bndry,msirb_cd,중권역코드,text,4,,,,,
tn_stdwsd_bndry,lsirb_cd,대권역코드,text,2,,,,,
tn_stdwsd_bndry,mdsvymt_se,수정측량방법구분,text,1,,,Y,,
tn_stdwsd_bndry,objfltn_se,객체변동구분,text,6,,,Y,,
tn_stdwsd_bndry,fbcbzet_nm,제작업체명,text,100,,,Y,,
tn_stdwsd_bndry,globalid,시스템운영용고유객체관리번호,text,38,,,Y,,
tn_stdwsd_bndry,created_user,생성자계정명,text,255,,,,,
tn_stdwsd_bndry,created_date,최초생성일,date,,,,,,
tn_stdwsd_bndry,last_edited_user,마지막편집계정명,text,255,,,,,
tn_stdwsd_bndry,last_edited_date,마지막편집일,date,,,,,,
